id	comment_str	create_time	product_id	username
1	非常棒的书！！！	2025-12-25 14:53:24.300000	4	admin
2	这个价格狠狠爱了，完全和新书一样，太好了。	2025-12-25 15:32:53.420000	25	admin2
3	是我孩子要的书，品相很好。	2025-12-25 15:33:16.932000	25	admin2
4	是正的，二手的	2025-12-25 15:33:42.186000	25	admin2
5	正版，品相很新的书，请放心买。	2025-12-25 15:34:28.954000	24	admin2
6	很不错的书，很不错的卖家，下次还来这里买！！！	2025-12-25 15:34:50.760000	24	admin2
7	印刷质量好，强力推荐！	2025-12-25 15:36:07.603000	25	admin
8	非常好的离散数学书籍！	2025-12-25 15:36:30.287000	25	admin
9	是正版，没有损坏。	2025-12-25 15:38:55.302000	26	admin
10	好！！！	2025-12-25 15:39:00.690000	26	admin
11	价格实惠，非常新，完全不影响使用。	2025-12-25 15:39:32.638000	26	admin
12	包装很好！书质量很好！下次还买！	2025-12-25 15:39:56.435000	26	admin
13	发货速度很快，客服很好！有问题处理很快！	2025-12-25 15:40:16.309000	26	admin
