id	cover	order_id	price	product_id	quantity	title
1	https://bucket-231250047.oss-cn-beijing.aliyuncs.com/0b55b319ebc4b745bba2741bc0fc1e178a82158d.jpg	22	8.00	1	3	简爱
2	https://bucket-231250047.oss-cn-beijing.aliyuncs.com/0b55b319ebc4b745bba2741bc0fc1e178a82158d.jpg	23	8.00	1	3	简爱
3	https://bucket-231250047.oss-cn-beijing.aliyuncs.com/0b55b319ebc4b745bba2741bc0fc1e178a82158d.jpg	24	8.00	1	1	简爱
4	https://bucket-231250047.oss-cn-beijing.aliyuncs.com/0b55b319ebc4b745bba2741bc0fc1e178a82158d.jpg	25	8.00	1	1	简爱
5	https://bucket-231250047.oss-cn-beijing.aliyuncs.com/0b55b319ebc4b745bba2741bc0fc1e178a82158d.jpg	26	8.00	1	1	简爱
6	https://bucket-231250047.oss-cn-beijing.aliyuncs.com/0b55b319ebc4b745bba2741bc0fc1e178a82158d.jpg	27	8.00	1	1	简爱
7	https://bucket-231250047.oss-cn-beijing.aliyuncs.com/0b55b319ebc4b745bba2741bc0fc1e178a82158d.jpg	28	8.00	1	2	简爱
8	https://bucket-231250047.oss-cn-beijing.aliyuncs.com/12100009890-1_b_1697628001.png	29	29.00	5	1	平凡的世界
9	https://bucket-231250047.oss-cn-beijing.aliyuncs.com/12100009890-1_b_1697628001.png	30	29.00	5	1	平凡的世界
10	https://bucket-231250047.oss-cn-beijing.aliyuncs.com/12100009890-1_b_1697628001.png	31	29.00	5	1	平凡的世界
11	https://bucket-231250047.oss-cn-beijing.aliyuncs.com/29589834-1_b_1701744170.jpg	32	30.00	6	1	高等数学
12	https://bucket-231250047.oss-cn-beijing.aliyuncs.com/12100009890-1_b_1697628001.png	33	29.00	5	1	平凡的世界
13	https://bucket-231250047.oss-cn-beijing.aliyuncs.com/12100009890-1_b_1697628001.png	34	29.00	5	1	平凡的世界
14	https://bucket-231250047.oss-cn-beijing.aliyuncs.com/203fb80e7bec54e736d1bb546a608c504fc2d5623c7a.png	35	50.00	4	1	红楼梦
15	https://bucket-231250047.oss-cn-beijing.aliyuncs.com/29589834-1_b_1701744170.jpg	36	30.00	6	1	高等数学
16	https://bucket-231250047.oss-cn-beijing.aliyuncs.com/29589834-1_b_1701744170.jpg	37	30.00	6	1	高等数学
17	https://bucket-231250047.oss-cn-beijing.aliyuncs.com/12343361475-1_b_1765404435.jpg	38	4.00	25	1	离散数学结构
18	https://bucket-231250047.oss-cn-beijing.aliyuncs.com/12343361475-1_b_1765404435.jpg	39	4.00	25	1	离散数学结构
19	https://bucket-231250047.oss-cn-beijing.aliyuncs.com/29351158-1_w_1.jpg	39	14.00	24	1	离散数学
20	https://bucket-231250047.oss-cn-beijing.aliyuncs.com/29589834-1_b_1701744170.jpg	40	30.00	6	1	高等数学
21	https://bucket-231250047.oss-cn-beijing.aliyuncs.com/105272-1_b_5.jpg	41	30.00	12	1	水浒传
