order_id	create_time	payment_method	status	total_amount	user_id	payment_time	receiver_address	receiver_name	receiver_phone	receiver_postal_code
2	2025-12-21 00:54:00.967000	ALIPAY	SUCCESS	8.00	1	NULL	NULL	NULL	NULL	NULL
5	2025-12-21 01:09:15.200000	ALIPAY	SUCCESS	16.00	1	NULL	NULL	NULL	NULL	NULL
13	2025-12-21 13:50:03.477000	ALIPAY	SUCCESS	8.00	1	NULL	NULL	NULL	NULL	NULL
14	2025-12-21 14:15:00.821000	ALIPAY	SUCCESS	8.00	1	2025-12-21 14:15:31.815000	NULL	NULL	NULL	NULL
16	2025-12-21 15:19:32.366000	ALIPAY	SUCCESS	8.00	1	2025-12-21 15:20:06.224000	nju	tyy	13321642993	
21	2025-12-21 16:10:33.656000	ALIPAY	SUCCESS	16.00	1	2025-12-21 16:11:15.359000	nju	tyy	13321642993	
23	2025-12-21 16:23:03.111000	ALIPAY	SUCCESS	24.00	1	2025-12-21 16:23:46.199000	nju	tyy	13321642993	
24	2025-12-21 16:56:56.488000	ALIPAY	PENDING	8.00	1	NULL	nju	tyy	13321642993	
25	2025-12-21 16:59:23.413000	ALIPAY	PENDING	8.00	1	NULL	nju	tyy	13321642993	
26	2025-12-21 17:00:34.300000	ALIPAY	PENDING	8.00	1	NULL	nju	tyy	13321642993	
27	2025-12-21 17:04:10.155000	ALIPAY	PENDING	8.00	1	NULL	nju	tyy	13321642993	
28	2025-12-21 18:33:09.907000	ALIPAY	SUCCESS	16.00	1	2025-12-21 18:33:43.799000	nju	tyy	13321642993	
29	2025-12-21 18:34:52.026000	ALIPAY	PENDING	29.00	1	NULL	nju	tyy	13321642993	
31	2025-12-21 20:56:48.918000	ALIPAY	PENDING	29.00	1	NULL	nju	tyy	13321642993	
32	2025-12-21 20:57:47.313000	ALIPAY	SUCCESS	30.00	1	2025-12-21 20:58:38.338000	nju	tyy	13321642993	
33	2025-12-21 20:59:16.347000	ALIPAY	PENDING	29.00	1	NULL	nju	tyy	13321642993	
34	2025-12-21 21:00:48.844000	ALIPAY	PENDING	29.00	1	NULL	nju	tyy	13321642993	
35	2025-12-21 21:02:01.689000	ALIPAY	PENDING	50.00	1	NULL	nju	tyy	13321642993	
36	2025-12-21 21:02:57.143000	ALIPAY	PENDING	30.00	1	NULL	nju	tyy	13321642993	
37	2025-12-21 21:04:50.883000	ALIPAY	PENDING	30.00	1	NULL	nju	tyy	13321642993	
40	2026-01-08 13:19:01.541000	ALIPAY	PENDING	30.00	1	NULL	nju	tyy	13321642993	
